,ds,trend,yhat_lower,yhat_upper,trend_lower,trend_upper,additive_terms,additive_terms_lower,additive_terms_upper,weekly,weekly_lower,weekly_upper,multiplicative_terms,multiplicative_terms_lower,multiplicative_terms_upper,yhat
0,2020-01-22,-9356.185580804999,-128352.47756560639,83791.03804860014,-9356.185580804999,-9356.185580804999,-10986.210443595714,-10986.210443595714,-10986.210443595714,-10986.210443595714,-10986.210443595714,-10986.210443595714,0.0,0.0,0.0,-20342.39602440071
1,2020-01-23,-6667.733757157941,-117118.95163612648,99165.81345970629,-6667.733757157941,-6667.733757157941,-1078.891654407063,-1078.891654407063,-1078.891654407063,-1078.891654407063,-1078.891654407063,-1078.891654407063,0.0,0.0,0.0,-7746.6254115650045
2,2020-01-24,-3979.2819335108825,-103344.68947268654,103632.29531074694,-3979.2819335108825,-3979.2819335108825,10103.249373383798,10103.249373383798,10103.249373383798,10103.249373383798,10103.249373383798,10103.249373383798,0.0,0.0,0.0,6123.967439872916
3,2020-01-25,-1290.8301098638215,-87576.39802619579,119620.0486608669,-1290.8301098638215,-1290.8301098638215,13670.214198330723,13670.214198330723,13670.214198330723,13670.214198330723,13670.214198330723,13670.214198330723,0.0,0.0,0.0,12379.3840884669
4,2020-01-26,1397.6217137832343,-95468.82551208478,119876.68458028809,1397.6217137832343,1397.6217137832343,7218.14439719981,7218.14439719981,7218.14439719981,7218.14439719981,7218.14439719981,7218.14439719981,0.0,0.0,0.0,8615.766110983044
5,2020-01-27,4086.0735374302935,-105662.6400590746,101695.38699774386,4086.0735374302935,4086.0735374302935,-2144.37542692728,-2144.37542692728,-2144.37542692728,-2144.37542692728,-2144.37542692728,-2144.37542692728,0.0,0.0,0.0,1941.6981105030136
6,2020-01-28,6774.525361077356,-114437.74536142462,98719.00445221098,6774.525361077356,6774.525361077356,-16782.13044397458,-16782.13044397458,-16782.13044397458,-16782.13044397458,-16782.13044397458,-16782.13044397458,0.0,0.0,0.0,-10007.605082897224
7,2020-01-29,9462.968978042169,-101880.63290744908,110421.98140234019,9462.968978042169,9462.968978042169,-10986.210443597747,-10986.210443597747,-10986.210443597747,-10986.210443597747,-10986.210443597747,-10986.210443597747,0.0,0.0,0.0,-1523.2414655555785
8,2020-01-30,12151.412595006988,-107220.3707637482,114670.17592550359,12151.412595006988,12151.412595006988,-1078.8916544064502,-1078.8916544064502,-1078.8916544064502,-1078.8916544064502,-1078.8916544064502,-1078.8916544064502,0.0,0.0,0.0,11072.520940600538
9,2020-01-31,14839.856211971808,-84393.21415227365,131607.84226002014,14839.856211971808,14839.856211971808,10103.249373358885,10103.249373358885,10103.249373358885,10103.249373358885,10103.249373358885,10103.249373358885,0.0,0.0,0.0,24943.105585330693
10,2020-02-01,17528.29982893663,-80796.94534310799,139874.43327895354,17528.29982893663,17528.29982893663,13670.214198320704,13670.214198320704,13670.214198320704,13670.214198320704,13670.214198320704,13670.214198320704,0.0,0.0,0.0,31198.514027257334
11,2020-02-02,20216.743445901448,-76503.25457721713,129212.1483081357,20216.743445901448,20216.743445901448,7218.144397200449,7218.144397200449,7218.144397200449,7218.144397200449,7218.144397200449,7218.144397200449,0.0,0.0,0.0,27434.887843101897
12,2020-02-03,22905.187062866276,-92675.07722080185,113831.68904446664,22905.187062866276,22905.187062866276,-2144.375426879042,-2144.375426879042,-2144.375426879042,-2144.375426879042,-2144.375426879042,-2144.375426879042,0.0,0.0,0.0,20760.811635987233
13,2020-02-04,25593.62964927199,-85378.85507303235,113760.2831699985,25593.62964927199,25593.62964927199,-16782.130443979873,-16782.130443979873,-16782.130443979873,-16782.130443979873,-16782.130443979873,-16782.130443979873,0.0,0.0,0.0,8811.499205292115
14,2020-02-05,28282.07223567771,-90464.06608764926,121892.82978119221,28282.07223567771,28282.07223567771,-10986.210443585116,-10986.210443585116,-10986.210443585116,-10986.210443585116,-10986.210443585116,-10986.210443585116,0.0,0.0,0.0,17295.861792092597
15,2020-02-06,30970.514822083438,-80545.50792621356,132503.7308708867,30970.514822083438,30970.514822083438,-1078.8916544466194,-1078.8916544466194,-1078.8916544466194,-1078.8916544466194,-1078.8916544466194,-1078.8916544466194,0.0,0.0,0.0,29891.62316763682
16,2020-02-07,33658.95740848915,-60556.5385480349,145219.3889794356,33658.95740848915,33658.95740848915,10103.249373374072,10103.249373374072,10103.249373374072,10103.249373374072,10103.249373374072,10103.249373374072,0.0,0.0,0.0,43762.20678186322
17,2020-02-08,36347.39999489488,-59071.33349078408,154216.3673605493,36347.39999489488,36347.39999489488,13670.21419833592,13670.21419833592,13670.21419833592,13670.21419833592,13670.21419833592,13670.21419833592,0.0,0.0,0.0,50017.614193230795
18,2020-02-09,39035.84258130059,-57295.99651409969,150020.5490322051,39035.84258130059,39035.84258130059,7218.144397182385,7218.144397182385,7218.144397182385,7218.144397182385,7218.144397182385,7218.144397182385,0.0,0.0,0.0,46253.98697848297
19,2020-02-10,41724.285865615195,-63414.77801529483,139752.9505128224,41724.285865615195,41724.285865615195,-2144.375426888565,-2144.375426888565,-2144.375426888565,-2144.375426888565,-2144.375426888565,-2144.375426888565,0.0,0.0,0.0,39579.91043872663
20,2020-02-11,44412.7291499298,-76547.84113952017,135918.2498244308,44412.7291499298,44412.7291499298,-16782.130443961607,-16782.130443961607,-16782.130443961607,-16782.130443961607,-16782.130443961607,-16782.130443961607,0.0,0.0,0.0,27630.598705968194
21,2020-02-12,47101.17243424441,-70032.14508938746,143114.761302935,47101.17243424441,47101.17243424441,-10986.21044357248,-10986.21044357248,-10986.21044357248,-10986.21044357248,-10986.21044357248,-10986.21044357248,0.0,0.0,0.0,36114.96199067193
22,2020-02-13,49789.615718559,-57401.12908354483,155482.64157942578,49789.615718559,49789.615718559,-1078.8916544460064,-1078.8916544460064,-1078.8916544460064,-1078.8916544460064,-1078.8916544460064,-1078.8916544460064,0.0,0.0,0.0,48710.72406411299
23,2020-02-14,52478.059002873604,-42574.815839650844,172967.6393523092,52478.059002873604,52478.059002873604,10103.249373375877,10103.249373375877,10103.249373375877,10103.249373375877,10103.249373375877,10103.249373375877,0.0,0.0,0.0,62581.30837624948
24,2020-02-15,55166.50228718822,-33951.71894534528,173932.88006256754,55166.50228718822,55166.50228718822,13670.2141983259,13670.2141983259,13670.2141983259,13670.2141983259,13670.2141983259,13670.2141983259,0.0,0.0,0.0,68836.71648551412
25,2020-02-16,57854.94377886669,-40323.64325043985,163048.45898428137,57854.94377886669,57854.94377886669,7218.144397183021,7218.144397183021,7218.144397183021,7218.144397183021,7218.144397183021,7218.144397183021,0.0,0.0,0.0,65073.088176049714
26,2020-02-17,60543.38527054518,-48530.773488755345,168988.36057375759,60543.38527054518,60543.38527054518,-2144.3754268980883,-2144.3754268980883,-2144.3754268980883,-2144.3754268980883,-2144.3754268980883,-2144.3754268980883,0.0,0.0,0.0,58399.00984364709
27,2020-02-18,63231.82676222367,-65599.83364227643,150363.90479787468,63231.82676222367,63231.82676222367,-16782.130443966897,-16782.130443966897,-16782.130443966897,-16782.130443966897,-16782.130443966897,-16782.130443966897,0.0,0.0,0.0,46449.69631825677
28,2020-02-19,65920.26825390215,-51233.220715652926,165166.87011744772,65920.26825390215,65920.26825390215,-10986.210443574517,-10986.210443574517,-10986.210443574517,-10986.210443574517,-10986.210443574517,-10986.210443574517,0.0,0.0,0.0,54934.057810327635
29,2020-02-20,68608.70974558065,-33385.10166488126,170697.71723029218,68608.70974558065,68608.70974558065,-1078.8916544109031,-1078.8916544109031,-1078.8916544109031,-1078.8916544109031,-1078.8916544109031,-1078.8916544109031,0.0,0.0,0.0,67529.81809116974
30,2020-02-21,71297.15123725915,-19134.99983886351,184974.93649929643,71297.15123725915,71297.15123725915,10103.249373377681,10103.249373377681,10103.249373377681,10103.249373377681,10103.249373377681,10103.249373377681,0.0,0.0,0.0,81400.40061063683
31,2020-02-22,73985.59444618654,-16111.187021440188,183506.44750276452,73985.59444618654,73985.59444618654,13670.214198330004,13670.214198330004,13670.214198330004,13670.214198330004,13670.214198330004,13670.214198330004,0.0,0.0,0.0,87655.80864451655
32,2020-02-23,76674.03765511393,-27810.416779112973,190194.30387510726,76674.03765511393,76674.03765511393,7218.144397183662,7218.144397183662,7218.144397183662,7218.144397183662,7218.144397183662,7218.144397183662,0.0,0.0,0.0,83892.18205229759
33,2020-02-24,79362.48086404135,-23000.93156789434,186591.35093212387,79362.48086404135,79362.48086404135,-2144.3754269118476,-2144.3754269118476,-2144.3754269118476,-2144.3754269118476,-2144.3754269118476,-2144.3754269118476,0.0,0.0,0.0,77218.1054371295
34,2020-02-25,82050.92407296874,-41766.11490345962,169211.03710293205,82050.92407296874,82050.92407296874,-16782.130443970473,-16782.130443970473,-16782.130443970473,-16782.130443970473,-16782.130443970473,-16782.130443970473,0.0,0.0,0.0,65268.793628998275
35,2020-02-26,84739.36728189615,-30903.30232266702,177066.3324980671,84739.36728189615,84739.36728189615,-10986.210443561886,-10986.210443561886,-10986.210443561886,-10986.210443561886,-10986.210443561886,-10986.210443561886,0.0,0.0,0.0,73753.15683833427
36,2020-02-27,87427.81049082353,-17960.216147581643,191568.3884218941,87427.81049082353,87427.81049082353,-1078.891654462569,-1078.891654462569,-1078.891654462569,-1078.891654462569,-1078.891654462569,-1078.891654462569,0.0,0.0,0.0,86348.91883636096
37,2020-02-28,90116.25712051797,-4844.6380748457495,204357.1638001317,90116.25712051797,90116.25712051797,10103.249373379487,10103.249373379487,10103.249373379487,10103.249373379487,10103.249373379487,10103.249373379487,0.0,0.0,0.0,100219.50649389745
38,2020-02-29,92804.70375021237,-2543.1872854585204,206304.34120680823,92804.70375021237,92804.70375021237,13670.214198319985,13670.214198319985,13670.214198319985,13670.214198319985,13670.214198319985,13670.214198319985,0.0,0.0,0.0,106474.91794853235
39,2020-03-01,95493.15037990679,4476.1318753962405,213032.32937197108,95493.15037990679,95493.15037990679,7218.144397201859,7218.144397201859,7218.144397201859,7218.144397201859,7218.144397201859,7218.144397201859,0.0,0.0,0.0,102711.29477710865
40,2020-03-02,98181.59700960122,-11305.801596184549,208638.48572958514,98181.59700960122,98181.59700960122,-2144.375426917136,-2144.375426917136,-2144.375426917136,-2144.375426917136,-2144.375426917136,-2144.375426917136,0.0,0.0,0.0,96037.22158268408
41,2020-03-03,100870.04363929563,-27583.084931171587,189765.5318102378,100870.04363929563,100870.04363929563,-16782.13044397405,-16782.13044397405,-16782.13044397405,-16782.13044397405,-16782.13044397405,-16782.13044397405,0.0,0.0,0.0,84087.91319532158
42,2020-03-04,103558.49026899008,-12605.11433290594,196550.25151100126,103558.49026899008,103558.49026899008,-10986.21044359496,-10986.21044359496,-10986.21044359496,-10986.21044359496,-10986.21044359496,-10986.21044359496,0.0,0.0,0.0,92572.27982539512
43,2020-03-05,106929.64848093904,-2607.2776939511505,205236.65820691155,106929.64848093904,106929.64848093904,-1078.8916544504596,-1078.8916544504596,-1078.8916544504596,-1078.8916544504596,-1078.8916544504596,-1078.8916544504596,0.0,0.0,0.0,105850.75682648858
44,2020-03-06,110300.806692888,11412.017736977456,227117.55415653647,110300.806692888,110300.806692888,10103.249373394672,10103.249373394672,10103.249373394672,10103.249373394672,10103.249373394672,10103.249373394672,0.0,0.0,0.0,120404.05606628268
45,2020-03-07,113671.96490483695,23671.44099951372,235935.2777146349,113671.96490483695,113671.96490483695,13670.214198322583,13670.214198322583,13670.214198322583,13670.214198322583,13670.214198322583,13670.214198322583,0.0,0.0,0.0,127342.17910315953
46,2020-03-08,117043.12311678594,17681.134414252178,235864.50393430513,117043.12311678594,117043.12311678594,7218.144397202497,7218.144397202497,7218.144397202497,7218.144397202497,7218.144397202497,7218.144397202497,0.0,0.0,0.0,124261.26751398844
47,2020-03-09,120414.2813287349,13552.852124203482,219020.0862482168,120414.2813287349,120414.2813287349,-2144.3754268731345,-2144.3754268731345,-2144.3754268731345,-2144.3754268731345,-2144.3754268731345,-2144.3754268731345,0.0,0.0,0.0,118269.90590186177
48,2020-03-10,123785.43954068395,2234.206356043552,217931.19040767616,123785.43954068395,123785.43954068395,-16782.13044397762,-16782.13044397762,-16782.13044397762,-16782.13044397762,-16782.13044397762,-16782.13044397762,0.0,0.0,0.0,107003.30909670633
49,2020-03-11,130868.01178772643,24241.957114724326,225665.32829861806,130868.01178772643,130868.01178772643,-10986.21044358233,-10986.21044358233,-10986.21044358233,-10986.21044358233,-10986.21044358233,-10986.21044358233,0.0,0.0,0.0,119881.8013441441
50,2020-03-12,137950.584034769,30587.525597667536,247610.28297976003,137950.584034769,137950.584034769,-1078.8916544498472,-1078.8916544498472,-1078.8916544498472,-1078.8916544498472,-1078.8916544498472,-1078.8916544498472,0.0,0.0,0.0,136871.69238031917
51,2020-03-13,145033.1562818115,46047.535848452724,262810.2801258351,145033.1562818115,145033.1562818115,10103.249373383096,10103.249373383096,10103.249373383096,10103.249373383096,10103.249373383096,10103.249373383096,0.0,0.0,0.0,155136.4056551946
52,2020-03-14,152115.72852885412,62901.82899798284,267869.39854552434,152115.72852885412,152115.72852885412,13670.214198325182,13670.214198325182,13670.214198325182,13670.214198325182,13670.214198325182,13670.214198325182,0.0,0.0,0.0,165785.9427271793
53,2020-03-15,159198.30077589664,63445.00760542294,267203.6786585286,159198.30077589664,159198.30077589664,7218.144397184431,7218.144397184431,7218.144397184431,7218.144397184431,7218.144397184431,7218.144397184431,0.0,0.0,0.0,166416.44517308107
54,2020-03-16,166280.8730229392,66602.57938783654,268307.4172276323,166280.8730229392,166280.8730229392,-2144.3754268826588,-2144.3754268826588,-2144.3754268826588,-2144.3754268826588,-2144.3754268826588,-2144.3754268826588,0.0,0.0,0.0,164136.49759605655
55,2020-03-17,193373.57424992838,67322.80351482074,280558.3278320481,193373.57424992838,193373.57424992838,-16782.13044398292,-16782.13044398292,-16782.13044398292,-16782.13044398292,-16782.13044398292,-16782.13044398292,0.0,0.0,0.0,176591.44380594546
56,2020-03-18,220466.27547691733,104093.75452942467,313775.1941929513,220466.27547691733,220466.27547691733,-10986.210443584367,-10986.210443584367,-10986.210443584367,-10986.210443584367,-10986.210443584367,-10986.210443584367,0.0,0.0,0.0,209480.06503333297
57,2020-03-19,247558.97670390652,145033.39254558127,352763.7204451034,247558.97670390652,247558.97670390652,-1078.8916544492342,-1078.8916544492342,-1078.8916544492342,-1078.8916544492342,-1078.8916544492342,-1078.8916544492342,0.0,0.0,0.0,246480.0850494573
58,2020-03-20,274651.6779308957,183411.81882512907,389748.7243817731,274651.6779308957,274651.6779308957,10103.249373371567,10103.249373371567,10103.249373371567,10103.249373371567,10103.249373371567,10103.249373371567,0.0,0.0,0.0,284754.9273042673
59,2020-03-21,301744.3791578846,206292.41781709902,420085.87584366865,301744.3791578846,301744.3791578846,13670.214198327782,13670.214198327782,13670.214198327782,13670.214198327782,13670.214198327782,13670.214198327782,0.0,0.0,0.0,315414.5933562124
60,2020-03-22,328837.0803848743,234511.58769521647,439453.9741790586,328837.0803848743,328837.0803848743,7218.14439718507,7218.14439718507,7218.14439718507,7218.14439718507,7218.14439718507,7218.14439718507,0.0,0.0,0.0,336055.2247820594
61,2020-03-23,382614.9476714889,274812.0382532833,482086.0752383167,382614.9476714889,382614.9476714889,-2144.375426896419,-2144.375426896419,-2144.375426896419,-2144.375426896419,-2144.375426896419,-2144.375426896419,0.0,0.0,0.0,380470.5722445925
62,2020-03-24,436392.8149581036,318822.79111891927,519979.436978637,436392.8149581036,436392.8149581036,-16782.13044398477,-16782.13044398477,-16782.13044398477,-16782.13044398477,-16782.13044398477,-16782.13044398477,0.0,0.0,0.0,419610.6845141188
63,2020-03-25,490170.6822447182,370960.3630789359,584591.0286696847,490170.6822447182,490170.6822447182,-10986.210443617441,-10986.210443617441,-10986.210443617441,-10986.210443617441,-10986.210443617441,-10986.210443617441,0.0,0.0,0.0,479184.47180110076
64,2020-03-26,543948.5495313329,433178.1205728231,647484.9012934626,543948.5495313329,543948.5495313329,-1078.8916544256276,-1078.8916544256276,-1078.8916544256276,-1078.8916544256276,-1078.8916544256276,-1078.8916544256276,0.0,0.0,0.0,542869.6578769073
65,2020-03-27,597726.416817948,499605.8316635772,714439.9471028195,597726.416817948,597726.416817948,10103.24937337337,10103.24937337337,10103.24937337337,10103.24937337337,10103.24937337337,10103.24937337337,0.0,0.0,0.0,607829.6661913213
66,2020-03-28,651504.2841045631,560091.6990394606,764152.0300373938,651504.2841045631,651504.2841045631,13670.214198317763,13670.214198317763,13670.214198317763,13670.214198317763,13670.214198317763,13670.214198317763,0.0,0.0,0.0,665174.4983028808
67,2020-03-29,727787.3552953751,632751.8232998172,840759.2818201402,727787.3552953751,727787.3552953751,7218.144397176357,7218.144397176357,7218.144397176357,7218.144397176357,7218.144397176357,7218.144397176357,0.0,0.0,0.0,735005.4996925514
68,2020-03-30,804070.4264861881,693453.3127039882,906786.056522183,804070.4264861881,804070.4264861881,-2144.3754269101773,-2144.3754269101773,-2144.3754269101773,-2144.3754269101773,-2144.3754269101773,-2144.3754269101773,0.0,0.0,0.0,801926.051059278
69,2020-03-31,880353.4976770001,758829.4270101789,975168.481479751,880353.4976770001,880353.4976770001,-16782.13044396822,-16782.13044396822,-16782.13044396822,-16782.13044396822,-16782.13044396822,-16782.13044396822,0.0,0.0,0.0,863571.3672330319
70,2020-04-01,956636.568867813,842442.2576522456,1052166.365198222,956636.568867813,956636.568867813,-10986.210443612144,-10986.210443612144,-10986.210443612144,-10986.210443612144,-10986.210443612144,-10986.210443612144,0.0,0.0,0.0,945650.3584242008
71,2020-04-02,1032919.640058626,923040.864780103,1132537.0960339175,1032919.640058626,1032919.640058626,-1078.8916544250153,-1078.8916544250153,-1078.8916544250153,-1078.8916544250153,-1078.8916544250153,-1078.8916544250153,0.0,0.0,0.0,1031840.7484042009
72,2020-04-03,1109202.7112494372,1006528.7455583112,1218179.237083746,1109202.7112494372,1109202.7112494372,10103.249373388555,10103.249373388555,10103.249373388555,10103.249373388555,10103.249373388555,10103.249373388555,0.0,0.0,0.0,1119305.9606228257
73,2020-04-04,1189292.0870539509,1095699.0552485462,1307116.451522868,1189292.0870539509,1189292.0870539509,13670.214198334485,13670.214198334485,13670.214198334485,13670.214198334485,13670.214198334485,13670.214198334485,0.0,0.0,0.0,1202962.3012522853
74,2020-04-05,1269381.4628584636,1170209.5315796612,1376057.8204827,1269381.4628584636,1269381.4628584636,7218.144397203908,7218.144397203908,7218.144397203908,7218.144397203908,7218.144397203908,7218.144397203908,0.0,0.0,0.0,1276599.6072556674
75,2020-04-06,1349470.8386629764,1245175.3559345417,1449934.9581834732,1349470.8386629764,1349470.8386629764,-2144.3754269154647,-2144.3754269154647,-2144.3754269154647,-2144.3754269154647,-2144.3754269154647,-2144.3754269154647,0.0,0.0,0.0,1347326.463236061
76,2020-04-07,1429560.21446749,1305516.8543088436,1513574.403619763,1429560.21446749,1429560.21446749,-16782.130443971797,-16782.130443971797,-16782.130443971797,-16782.130443971797,-16782.130443971797,-16782.130443971797,0.0,0.0,0.0,1412778.0840235183
77,2020-04-08,1509649.590272002,1395430.0377948636,1599391.2091433783,1509649.590272002,1509649.590272002,-10986.210443599513,-10986.210443599513,-10986.210443599513,-10986.210443599513,-10986.210443599513,-10986.210443599513,0.0,0.0,0.0,1498663.3798284023
78,2020-04-09,1589977.1998596292,1484665.3140129244,1688725.5248464698,1589977.1998596292,1589977.1998596292,-1078.8916544129058,-1078.8916544129058,-1078.8916544129058,-1078.8916544129058,-1078.8916544129058,-1078.8916544129058,0.0,0.0,0.0,1588898.3082052162
79,2020-04-10,1670304.8094472566,1577167.3166433547,1789987.298473473,1670304.8094472566,1670304.8094472566,10103.249373403745,10103.249373403745,10103.249373403745,10103.249373403745,10103.249373403745,10103.249373403745,0.0,0.0,0.0,1680408.0588206605
80,2020-04-11,1750632.4190348838,1661937.4743813737,1877482.440340269,1750632.4190348838,1750632.4190348838,13670.214198324467,13670.214198324467,13670.214198324467,13670.214198324467,13670.214198324467,13670.214198324467,0.0,0.0,0.0,1764302.6332332082
81,2020-04-12,1830960.028622511,1732564.9719532658,1945249.4823284827,1830960.028622511,1830960.028622511,7218.144397195193,7218.144397195193,7218.144397195193,7218.144397195193,7218.144397195193,7218.144397195193,0.0,0.0,0.0,1838178.1730197063
82,2020-04-13,1911287.6382101376,1803863.2413346684,2006764.2598060572,1911287.6382101376,1911287.6382101376,-2144.3754269292244,-2144.3754269292244,-2144.3754269292244,-2144.3754269292244,-2144.3754269292244,-2144.3754269292244,0.0,0.0,0.0,1909143.2627832084
83,2020-04-14,1991615.2477977658,1869136.5518904333,2076563.7534225553,1991615.2477977658,1991615.2477977658,-16782.130443975373,-16782.130443975373,-16782.130443975373,-16782.130443975373,-16782.130443975373,-16782.130443975373,0.0,0.0,0.0,1974833.1173537904
84,2020-04-15,2072014.7932041928,1953869.0184287594,2163461.1584516824,2072014.7932041928,2072014.7932041928,-10986.210443594213,-10986.210443594213,-10986.210443594213,-10986.210443594213,-10986.210443594213,-10986.210443594213,0.0,0.0,0.0,2061028.5827605985
85,2020-04-16,2152414.338610618,2049382.5666348895,2259887.0660059154,2152414.338610618,2152414.338610618,-1078.8916544530746,-1078.8916544530746,-1078.8916544530746,-1078.8916544530746,-1078.8916544530746,-1078.8916544530746,0.0,0.0,0.0,2151335.4469561647
86,2020-04-17,2232813.884017044,2142044.7887054305,2342034.6856256896,2232813.884017044,2232813.884017044,10103.249373392166,10103.249373392166,10103.249373392166,10103.249373392166,10103.249373392166,10103.249373392166,0.0,0.0,0.0,2242917.1333904364
87,2020-04-18,2313213.429423471,2223128.0642065993,2428586.6948084394,2313213.429423471,2313213.429423471,13670.214198339685,13670.214198339685,13670.214198339685,13670.214198339685,13670.214198339685,13670.214198339685,0.0,0.0,0.0,2326883.6436218107
88,2020-04-19,2393612.9748298964,2293591.125299488,2507720.5879497216,2393612.9748298964,2393612.9748298964,7218.144397195833,7218.144397195833,7218.144397195833,7218.144397195833,7218.144397195833,7218.144397195833,0.0,0.0,0.0,2400831.1192270922
89,2020-04-20,2474012.5202363217,2365737.5638408,2574702.9786039973,2474012.5202363217,2474012.5202363217,-2144.375426938748,-2144.375426938748,-2144.375426938748,-2144.375426938748,-2144.375426938748,-2144.375426938748,0.0,0.0,0.0,2471868.144809383
90,2020-04-21,2554412.0671969717,2431682.719190103,2641194.787195184,2554412.0671969717,2554412.0671969717,-16782.130443957103,-16782.130443957103,-16782.130443957103,-16782.130443957103,-16782.130443957103,-16782.130443957103,0.0,0.0,0.0,2537629.9367530146
91,2020-04-22,2634811.614157622,2521264.117151338,2733182.018695488,2634811.614157622,2634811.614157622,-10986.210443581582,-10986.210443581582,-10986.210443581582,-10986.210443581582,-10986.210443581582,-10986.210443581582,0.0,0.0,0.0,2623825.4037140408
92,2020-04-23,2715211.1611182727,2602808.5501203155,2812139.612703531,2715211.1611182727,2715211.1611182727,-1078.8916544409649,-1078.8916544409649,-1078.8916544409649,-1078.8916544409649,-1078.8916544409649,-1078.8916544409649,0.0,0.0,0.0,2714132.2694638316
93,2020-04-24,2795610.708078923,2694787.5694289296,2909341.166679797,2795610.708078923,2795610.708078923,10103.249373407352,10103.249373407352,10103.249373407352,10103.249373407352,10103.249373407352,10103.249373407352,0.0,0.0,0.0,2805713.9574523307
94,2020-04-25,2876010.2550395736,2788098.922131249,2994604.712601886,2876010.2550395736,2876010.2550395736,13670.214198329664,13670.214198329664,13670.214198329664,13670.214198329664,13670.214198329664,13670.214198329664,0.0,0.0,0.0,2889680.469237903
95,2020-04-26,2956409.802000225,2858779.604607995,3067151.982546944,2956409.802000225,2956409.802000225,7218.1443971871195,7218.1443971871195,7218.1443971871195,7218.1443971871195,7218.1443971871195,7218.1443971871195,0.0,0.0,0.0,2963627.946397412
96,2020-04-27,3037004.741414774,2928590.5338095725,3142692.2448091186,3037004.741414774,3037004.741414774,-2144.375426890511,-2144.375426890511,-2144.375426890511,-2144.375426890511,-2144.375426890511,-2144.375426890511,0.0,0.0,0.0,3034860.365987884
97,2020-04-28,3117599.680829321,2988686.9753590696,3204899.2064572833,3117599.680829321,3117599.680829321,-16782.13044396068,-16782.13044396068,-16782.13044396068,-16782.13044396068,-16782.13044396068,-16782.13044396068,0.0,0.0,0.0,3100817.55038536
98,2020-04-29,3198194.62024387,3081483.5290853977,3285756.006965446,3198194.62024387,3198194.62024387,-10986.210443583619,-10986.210443583619,-10986.210443583619,-10986.210443583619,-10986.210443583619,-10986.210443583619,0.0,0.0,0.0,3187208.4098002864
99,2020-04-30,3278789.559658419,3175962.952500875,3382446.6034834385,3278789.559658419,3278789.559658419,-1078.8916544403523,-1078.8916544403523,-1078.8916544403523,-1078.8916544403523,-1078.8916544403523,-1078.8916544403523,0.0,0.0,0.0,3277710.6680039787
100,2020-05-01,3359384.499072968,3260788.7206148114,3471575.1449173214,3359384.499072968,3359384.499072968,10103.249373369059,10103.249373369059,10103.249373369059,10103.249373369059,10103.249373369059,10103.249373369059,0.0,0.0,0.0,3369487.748446337
101,2020-05-02,3439979.4384875176,3356759.630202022,3558599.6120169396,3439979.4384875176,3439979.4384875176,13670.214198333768,13670.214198333768,13670.214198333768,13670.214198333768,13670.214198333768,13670.214198333768,0.0,0.0,0.0,3453649.6526858513
102,2020-05-03,3521591.7437990867,3426380.1867588325,3641369.459268241,3521591.7437990867,3521591.7437990867,7218.144397187759,7218.144397187759,7218.144397187759,7218.144397187759,7218.144397187759,7218.144397187759,0.0,0.0,0.0,3528809.8881962746
103,2020-05-04,3603204.0491106557,3493872.3493342553,3704039.789960395,3603204.0491106557,3603204.0491106557,-2144.375426900035,-2144.375426900035,-2144.375426900035,-2144.375426900035,-2144.375426900035,-2144.375426900035,0.0,0.0,0.0,3601059.6736837556
104,2020-05-05,3684816.354422226,3564671.158273971,3770582.8200041386,3684816.354422226,3684816.354422226,-16782.13044396425,-16782.13044396425,-16782.13044396425,-16782.13044396425,-16782.13044396425,-16782.13044396425,0.0,0.0,0.0,3668034.223978262
105,2020-05-06,3766428.659733797,3638852.39179439,3858957.0489226007,3766428.659733797,3766428.659733797,-10986.210443570984,-10986.210443570984,-10986.210443570984,-10986.210443570984,-10986.210443570984,-10986.210443570984,0.0,0.0,0.0,3755442.4492902257
106,2020-05-07,3848040.965045368,3746803.8261092384,3957407.077391771,3848040.965045368,3848040.965045368,-1078.8916544282429,-1078.8916544282429,-1078.8916544282429,-1078.8916544282429,-1078.8916544282429,-1078.8916544282429,0.0,0.0,0.0,3846962.0733909397
107,2020-05-08,3929653.2703569345,3842556.52671182,4044611.4410206587,3929653.2703569345,3929653.2703569345,10103.249373384248,10103.249373384248,10103.249373384248,10103.249373384248,10103.249373384248,10103.249373384248,0.0,0.0,0.0,3939756.519730319
108,2020-05-09,4014795.0521996743,3926750.44482734,4134449.850893789,4014795.0521996743,4014795.0521996743,13670.214198336367,13670.214198336367,13670.214198336367,13670.214198336367,13670.214198336367,13670.214198336367,0.0,0.0,0.0,4028465.266398011
109,2020-05-10,4099936.834042412,3996268.595711299,4212417.648277686,4099936.834042412,4099936.834042412,7218.144397169693,7218.144397169693,7218.144397169693,7218.144397169693,7218.144397169693,7218.144397169693,0.0,0.0,0.0,4107154.978439582
110,2020-05-11,4185078.615885152,4080288.302377184,4295900.143309656,4185078.615885152,4185078.615885152,-2144.3754269137944,-2144.3754269137944,-2144.3754269137944,-2144.3754269137944,-2144.3754269137944,-2144.3754269137944,0.0,0.0,0.0,4182934.2404582384
111,2020-05-12,4270220.39772789,4151734.310527216,4360039.464947067,4270220.39772789,4270220.39772789,-16782.13044396955,-16782.13044396955,-16782.13044396955,-16782.13044396955,-16782.13044396955,-16782.13044396955,0.0,0.0,0.0,4253438.26728392
112,2020-05-13,4355362.179570628,4235360.102352359,4448959.094533321,4355362.179570628,4355362.179570628,-10986.21044360406,-10986.21044360406,-10986.21044360406,-10986.21044360406,-10986.21044360406,-10986.21044360406,0.0,0.0,0.0,4344375.9691270245
113,2020-05-14,4440503.961413364,4337391.435423046,4537051.747933225,4440503.961413364,4440503.961413364,-1078.8916544276303,-1078.8916544276303,-1078.8916544276303,-1078.8916544276303,-1078.8916544276303,-1078.8916544276303,0.0,0.0,0.0,4439425.069758936
114,2020-05-15,4533782.995944493,4443533.368763492,4648901.901033641,4533782.995944493,4533782.995944493,10103.249373386052,10103.249373386052,10103.249373386052,10103.249373386052,10103.249373386052,10103.249373386052,0.0,0.0,0.0,4543886.245317879
115,2020-05-16,4627062.030475622,4543502.296699966,4746413.801235126,4627062.030475622,4627062.030475622,13670.214198338968,13670.214198338968,13670.214198338968,13670.214198338968,13670.214198338968,13670.214198338968,0.0,0.0,0.0,4640732.244673961
116,2020-05-17,4720341.065006752,4619599.617325275,4829592.685987526,4720341.065006752,4720341.065006752,7218.144397170332,7218.144397170332,7218.144397170332,7218.144397170332,7218.144397170332,7218.144397170332,0.0,0.0,0.0,4727559.209403922
117,2020-05-18,4813620.099537879,4716243.600649051,4920169.170901164,4813620.099537879,4813620.099537879,-2144.375426861321,-2144.375426861321,-2144.375426861321,-2144.375426861321,-2144.375426861321,-2144.375426861321,0.0,0.0,0.0,4811475.724111018
118,2020-05-19,4906899.134069008,4785017.340699663,4987074.8257755665,4906899.134069008,4906899.134069008,-16782.130443974842,-16782.130443974842,-16782.130443974842,-16782.130443974842,-16782.130443974842,-16782.130443974842,0.0,0.0,0.0,4890117.003625033
119,2020-05-20,5000178.168600137,4887095.476352207,5092475.375528391,5000178.168600137,5000178.168600137,-10986.210443598762,-10986.210443598762,-10986.210443598762,-10986.210443598762,-10986.210443598762,-10986.210443598762,0.0,0.0,0.0,4989191.958156538
120,2020-05-21,5103904.06800255,4997787.572041595,5205696.4750366965,5103904.06800255,5103904.06800255,-1078.891654404024,-1078.891654404024,-1078.891654404024,-1078.891654404024,-1078.891654404024,-1078.891654404024,0.0,0.0,0.0,5102825.176348146
121,2020-05-22,5207629.9674049625,5116918.277705202,5324715.554700875,5207629.9674049625,5207629.9674049625,10103.249373387855,10103.249373387855,10103.249373387855,10103.249373387855,10103.249373387855,10103.249373387855,0.0,0.0,0.0,5217733.21677835
122,2020-05-23,5311355.866807376,5219850.33544951,5426042.033092694,5311355.866807376,5311355.866807376,13670.21419832895,13670.21419832895,13670.21419832895,13670.21419832895,13670.21419832895,13670.21419832895,0.0,0.0,0.0,5325026.081005705
123,2020-05-24,5415081.766209785,5316091.596164074,5536564.432645064,5415081.766209785,5415081.766209785,7218.144397197882,7218.144397197882,7218.144397197882,7218.144397197882,7218.144397197882,7218.144397197882,0.0,0.0,0.0,5422299.910606983
124,2020-05-25,5518807.665612199,5411436.702354106,5620002.589781177,5518807.665612199,5518807.665612199,-2144.3754268750804,-2144.3754268750804,-2144.3754268750804,-2144.3754268750804,-2144.3754268750804,-2144.3754268750804,0.0,0.0,0.0,5516663.290185324
125,2020-05-26,5622533.565014612,5500118.915895192,5710604.275083773,5622533.565014612,5622533.565014612,-16782.130443978414,-16782.130443978414,-16782.130443978414,-16782.130443978414,-16782.130443978414,-16782.130443978414,0.0,0.0,0.0,5605751.434570634
126,2020-05-27,5737921.126107774,5622760.451799528,5830851.876408774,5737921.126107774,5737921.126107774,-10986.210443593463,-10986.210443593463,-10986.210443593463,-10986.210443593463,-10986.210443593463,-10986.210443593463,0.0,0.0,0.0,5726934.91566418
127,2020-05-28,5853308.687200934,5748058.72366819,5955668.821390968,5853308.687200934,5853308.687200934,-1078.891654444193,-1078.891654444193,-1078.891654444193,-1078.891654444193,-1078.891654444193,-1078.891654444193,0.0,0.0,0.0,5852229.79554649
128,2020-05-29,5968696.248294095,5872127.860398519,6077699.751322262,5968696.248294095,5968696.248294095,10103.249373362942,10103.249373362942,10103.249373362942,10103.249373362942,10103.249373362942,10103.249373362942,0.0,0.0,0.0,5978799.497667458
129,2020-05-30,6084083.8093872545,5993507.40955591,6204338.826015867,6084083.8093872545,6084083.8093872545,13670.21419831893,13670.21419831893,13670.21419831893,13670.21419831893,13670.21419831893,13670.21419831893,0.0,0.0,0.0,6097754.023585574
130,2020-05-31,6199471.370480416,6104246.989302299,6315006.839987697,6199471.370480416,6199471.370480416,7218.144397189168,7218.144397189168,7218.144397189168,7218.144397189168,7218.144397189168,7218.144397189168,0.0,0.0,0.0,6206689.514877605
131,2020-06-01,6314858.931573578,6210676.086853059,6407936.672570747,6314858.931573578,6314858.931573578,-2144.3754268803673,-2144.3754268803673,-2144.3754268803673,-2144.3754268803673,-2144.3754268803673,-2144.3754268803673,0.0,0.0,0.0,6312714.556146698
132,2020-06-02,6430246.538337513,6314374.443144316,6533302.786782023,6430246.538337513,6430246.538337513,-16782.130443981987,-16782.130443981987,-16782.130443981987,-16782.130443981987,-16782.130443981987,-16782.130443981987,0.0,0.0,0.0,6413464.407893531
133,2020-06-03,6545634.145101445,6432808.342121831,6634927.118752558,6545634.145101445,6545634.145101445,-10986.210443580832,-10986.210443580832,-10986.210443580832,-10986.210443580832,-10986.210443580832,-10986.210443580832,0.0,0.0,0.0,6534647.934657864
134,2020-06-04,6661021.7518653795,6550750.306497637,6763565.18721443,6661021.7518653795,6661021.7518653795,-1078.8916544320832,-1078.8916544320832,-1078.8916544320832,-1078.8916544320832,-1078.8916544320832,-1078.8916544320832,0.0,0.0,0.0,6659942.860210948
135,2020-06-05,6776409.358629313,6679917.220855313,6889031.592774195,6776409.358629313,6776409.358629313,10103.249373378132,10103.249373378132,10103.249373378132,10103.249373378132,10103.249373378132,10103.249373378132,0.0,0.0,0.0,6786512.6080026915
136,2020-06-06,6891796.965393247,6803779.85432686,7008993.518896621,6891796.965393247,6891796.965393247,13670.214198321528,13670.214198321528,13670.214198321528,13670.214198321528,13670.214198321528,13670.214198321528,0.0,0.0,0.0,6905467.179591568
137,2020-06-07,7007184.57215718,6901781.745225047,7116334.784750449,7007184.57215718,7007184.57215718,7218.144397180455,7218.144397180455,7218.144397180455,7218.144397180455,7218.144397180455,7218.144397180455,0.0,0.0,0.0,7014402.71655436
138,2020-06-08,7122572.177725942,7011410.213725116,7223623.432200116,7122572.177725942,7122572.177725942,-2144.3754268941275,-2144.3754268941275,-2144.3754268941275,-2144.3754268941275,-2144.3754268941275,-2144.3754268941275,0.0,0.0,0.0,7120427.802299048
139,2020-06-09,7237959.783294706,7113428.060928813,7325510.429238364,7237959.783294706,7237959.783294706,-16782.130443963728,-16782.130443963728,-16782.130443963728,-16782.130443963728,-16782.130443963728,-16782.130443963728,0.0,0.0,0.0,7221177.6528507415
140,2020-06-10,7353347.3888634695,7237343.097452485,7447233.797483905,7353347.3888634695,7353347.3888634695,-10986.2104435682,-10986.2104435682,-10986.2104435682,-10986.2104435682,-10986.2104435682,-10986.2104435682,0.0,0.0,0.0,7342361.178419901
141,2020-06-11,7468734.994432233,7354617.4227202255,7573057.586880376,7468734.994432233,7468734.994432233,-1078.891654431471,-1078.891654431471,-1078.891654431471,-1078.891654431471,-1078.891654431471,-1078.891654431471,0.0,0.0,0.0,7467656.102777801
142,2020-06-12,7584122.600000998,7488970.661864697,7699338.226402395,7584122.600000998,7584122.600000998,10103.249373366554,10103.249373366554,10103.249373366554,10103.249373366554,10103.249373366554,10103.249373366554,0.0,0.0,0.0,7594225.849374364
143,2020-06-13,7699510.205569762,7609580.561414699,7824853.470178015,7699510.205569762,7699510.205569762,13670.214198324125,13670.214198324125,13670.214198324125,13670.214198324125,13670.214198324125,13670.214198324125,0.0,0.0,0.0,7713180.419768086
144,2020-06-14,7812156.868529499,7722149.493730333,7929988.965360492,7812156.868529499,7812156.868529499,7218.144397208004,7218.144397208004,7218.144397208004,7218.144397208004,7218.144397208004,7218.144397208004,0.0,0.0,0.0,7819375.012926707
145,2020-06-15,7924803.531489236,7810687.702463244,8025467.746926862,7924803.531489236,7924803.531489236,-2144.3754269036504,-2144.3754269036504,-2144.3754269036504,-2144.3754269036504,-2144.3754269036504,-2144.3754269036504,0.0,0.0,0.0,7922659.156062333
146,2020-06-16,8037450.194448973,7907504.896364191,8127044.73963342,8037450.194448973,8037450.194448973,-16782.130443969014,-16782.130443969014,-16782.130443969014,-16782.130443969014,-16782.130443969014,-16782.130443969014,0.0,0.0,0.0,8020668.064005004
147,2020-06-17,8150096.857408711,8041930.316641793,8241654.078725461,8150096.857408711,8150096.857408711,-10986.210443562903,-10986.210443562903,-10986.210443562903,-10986.210443562903,-10986.210443562903,-10986.210443562903,0.0,0.0,0.0,8139110.646965148
148,2020-06-18,8262743.520368449,8166156.329248181,8366971.297229258,8262743.520368449,8262743.520368449,-1078.8916544193612,-1078.8916544193612,-1078.8916544193612,-1078.8916544193612,-1078.8916544193612,-1078.8916544193612,0.0,0.0,0.0,8261664.62871403
149,2020-06-19,8375390.183328184,8270439.550306075,8490352.575639602,8375390.183328184,8375390.183328184,10103.249373381737,10103.249373381737,10103.249373381737,10103.249373381737,10103.249373381737,10103.249373381737,0.0,0.0,0.0,8385493.432701566
150,2020-06-20,8579631.327894876,8486562.972172419,8692859.468140483,8579631.327894876,8579631.327894876,13670.214198328233,13670.214198328233,13670.214198328233,13670.214198328233,13670.214198328233,13670.214198328233,0.0,0.0,0.0,8593301.542093204
151,2020-06-21,8783872.472461564,8686481.768534664,8897826.213907741,8783872.472461564,8783872.472461564,7218.14439719929,7218.14439719929,7218.14439719929,7218.14439719929,7218.14439719929,7218.14439719929,0.0,0.0,0.0,8791090.616858764
152,2020-06-22,8988113.617028253,8878497.616876384,9088640.57893282,8988113.617028253,8988113.617028253,-2144.375426917409,-2144.375426917409,-2144.375426917409,-2144.375426917409,-2144.375426917409,-2144.375426917409,0.0,0.0,0.0,8985969.241601335
153,2020-06-23,9192354.761594946,9076115.513397496,9282049.744481843,9192354.761594946,9192354.761594946,-16782.13044397087,-16782.13044397087,-16782.13044397087,-16782.13044397087,-16782.13044397087,-16782.13044397087,0.0,0.0,0.0,9175572.631150974
154,2020-06-24,9396595.906161629,9277665.16332531,9484846.466074247,9396595.906161629,9396595.906161629,-10986.210443557602,-10986.210443557602,-10986.210443557602,-10986.210443557602,-10986.210443557602,-10986.210443557602,0.0,0.0,0.0,9385609.69571807
155,2020-06-25,9600837.050728317,9498448.55268811,9699703.621839201,9600837.050728317,9600837.050728317,-1078.89165445953,-1078.89165445953,-1078.89165445953,-1078.89165445953,-1078.89165445953,-1078.89165445953,0.0,0.0,0.0,9599758.159073858
156,2020-06-26,9805078.19529501,9700735.399077378,9924063.998909451,9805078.19529501,9805078.19529501,10103.249373383545,10103.249373383545,10103.249373383545,10103.249373383545,10103.249373383545,10103.249373383545,0.0,0.0,0.0,9815181.444668394
157,2020-06-27,10009319.339861698,9920950.58570056,10123418.000208193,10009319.339861698,10009319.339861698,13670.214198318214,13670.214198318214,13670.214198318214,13670.214198318214,13670.214198318214,13670.214198318214,0.0,0.0,0.0,10022989.554060016
158,2020-06-28,10213560.484428389,10116455.425036987,10325683.52988909,10213560.484428389,10213560.484428389,7218.14439719993,7218.14439719993,7218.14439719993,7218.14439719993,7218.14439719993,7218.14439719993,0.0,0.0,0.0,10220778.628825588
159,2020-06-29,10417801.628995074,10309707.955909198,10518650.158800298,10417801.628995074,10417801.628995074,-2144.375426926935,-2144.375426926935,-2144.375426926935,-2144.375426926935,-2144.375426926935,-2144.375426926935,0.0,0.0,0.0,10415657.253568146
160,2020-06-30,10622042.773561763,10499838.845377645,10715321.788024409,10622042.773561763,10622042.773561763,-16782.130443976166,-16782.130443976166,-16782.130443976166,-16782.130443976166,-16782.130443976166,-16782.130443976166,0.0,0.0,0.0,10605260.643117787
161,2020-07-01,10826283.918128455,10712609.486674828,10920375.738134904,10826283.918128455,10826283.918128455,-10986.210443598013,-10986.210443598013,-10986.210443598013,-10986.210443598013,-10986.210443598013,-10986.210443598013,0.0,0.0,0.0,10815297.707684858
162,2020-07-02,11030525.062695142,10925655.251788432,11130210.833954273,11030525.062695142,11030525.062695142,-1078.8916544474207,-1078.8916544474207,-1078.8916544474207,-1078.8916544474207,-1078.8916544474207,-1078.8916544474207,0.0,0.0,0.0,11029446.171040695
163,2020-07-03,11234766.20726183,11128136.788587276,11354775.408013243,11234766.20726183,11234766.20726183,10103.24937339873,10103.24937339873,10103.24937339873,10103.24937339873,10103.24937339873,10103.24937339873,0.0,0.0,0.0,11244869.45663523
164,2020-07-04,11439007.35182852,11354337.018040095,11561167.450763624,11439007.35182852,11439007.35182852,13670.21419833343,13670.21419833343,13670.21419833343,13670.21419833343,13670.21419833343,13670.21419833343,0.0,0.0,0.0,11452677.566026853
165,2020-07-05,11643248.496395208,11541138.29703274,11751386.195276313,11643248.496395208,11643248.496395208,7218.144397181864,7218.144397181864,7218.144397181864,7218.144397181864,7218.144397181864,7218.144397181864,0.0,0.0,0.0,11650466.64079239
166,2020-07-06,11847489.640961895,11734082.175426465,11945968.899416367,11847489.640961895,11847489.640961895,-2144.3754268786965,-2144.3754268786965,-2144.3754268786965,-2144.3754268786965,-2144.3754268786965,-2144.3754268786965,0.0,0.0,0.0,11845345.265535016
167,2020-07-07,12051730.785528583,11929883.782726126,12135743.192267817,12051730.785528583,12051730.785528583,-16782.130443979735,-16782.130443979735,-16782.130443979735,-16782.130443979735,-16782.130443979735,-16782.130443979735,0.0,0.0,0.0,12034948.655084604
168,2020-07-08,12255971.93009528,12148132.573742585,12347449.607307399,12255971.93009528,12255971.93009528,-10986.210443585382,-10986.210443585382,-10986.210443585382,-10986.210443585382,-10986.210443585382,-10986.210443585382,0.0,0.0,0.0,12244985.719651693
169,2020-07-09,12460213.07466196,12352032.457388999,12564389.117397692,12460213.07466196,12460213.07466196,-1078.891654446808,-1078.891654446808,-1078.891654446808,-1078.891654446808,-1078.891654446808,-1078.891654446808,0.0,0.0,0.0,12459134.183007514
170,2020-07-10,12664454.219228648,12574834.563316816,12784642.891229775,12664454.219228648,12664454.219228648,10103.249373400537,10103.249373400537,10103.249373400537,10103.249373400537,10103.249373400537,10103.249373400537,0.0,0.0,0.0,12674557.468602048
171,2020-07-11,12868695.363795344,12782267.982465735,12987514.172281116,12868695.363795344,12868695.363795344,13670.21419832341,13670.21419832341,13670.21419832341,13670.21419832341,13670.21419832341,13670.21419832341,0.0,0.0,0.0,12882365.577993667
172,2020-07-12,13072936.508362032,12976666.897293996,13178200.236680456,13072936.508362032,13072936.508362032,7218.144397182503,7218.144397182503,7218.144397182503,7218.144397182503,7218.144397182503,7218.144397182503,0.0,0.0,0.0,13080154.652759215
173,2020-07-13,13277177.65292872,13169606.289746616,13374694.283126757,13277177.65292872,13277177.65292872,-2144.375426888219,-2144.375426888219,-2144.375426888219,-2144.375426888219,-2144.375426888219,-2144.375426888219,0.0,0.0,0.0,13275033.27750183
174,2020-07-14,13481418.797495408,13357834.935965966,13564315.149305968,13481418.797495408,13481418.797495408,-16782.130443985036,-16782.130443985036,-16782.130443985036,-16782.130443985036,-16782.130443985036,-16782.130443985036,0.0,0.0,0.0,13464636.667051423
175,2020-07-15,13685659.942062097,13572408.401024055,13779358.350236535,13685659.942062097,13685659.942062097,-10986.210443580083,-10986.210443580083,-10986.210443580083,-10986.210443580083,-10986.210443580083,-10986.210443580083,0.0,0.0,0.0,13674673.731618516
176,2020-07-16,13889901.086628785,13780918.203486262,13994733.419053145,13889901.086628785,13889901.086628785,-1078.8916544232015,-1078.8916544232015,-1078.8916544232015,-1078.8916544232015,-1078.8916544232015,-1078.8916544232015,0.0,0.0,0.0,13888822.194974363
177,2020-07-17,14094142.231195472,13993544.645761887,14215179.307614228,14094142.231195472,14094142.231195472,10103.249373375624,10103.249373375624,10103.249373375624,10103.249373375624,10103.249373375624,10103.249373375624,0.0,0.0,0.0,14104245.480568849
178,2020-07-18,14298383.37576216,14197488.0277183,14417408.946607722,14298383.37576216,14298383.37576216,13670.21419834013,13670.21419834013,13670.21419834013,13670.21419834013,13670.21419834013,13670.21419834013,0.0,0.0,0.0,14312053.5899605
179,2020-07-19,14502624.520328857,14402354.007405523,14613194.782452615,14502624.520328857,14502624.520328857,7218.144397183143,7218.144397183143,7218.144397183143,7218.144397183143,7218.144397183143,7218.144397183143,0.0,0.0,0.0,14509842.66472604
180,2020-07-20,14706865.664895538,14602352.616839321,14811795.265748693,14706865.664895538,14706865.664895538,-2144.37542690198,-2144.37542690198,-2144.37542690198,-2144.37542690198,-2144.37542690198,-2144.37542690198,0.0,0.0,0.0,14704721.289468637
181,2020-07-21,14911106.809462225,14795356.704046834,15003619.496079393,14911106.809462225,14911106.809462225,-16782.130443988608,-16782.130443988608,-16782.130443988608,-16782.130443988608,-16782.130443988608,-16782.130443988608,0.0,0.0,0.0,14894324.679018237
182,2020-07-22,15115347.954028921,14998399.730123203,15209723.356115893,15115347.954028921,15115347.954028921,-10986.210443605825,-10986.210443605825,-10986.210443605825,-10986.210443605825,-10986.210443605825,-10986.210443605825,0.0,0.0,0.0,15104361.743585315
183,2020-07-23,15319589.09859561,15214854.497483037,15423648.85585585,15319589.09859561,15319589.09859561,-1078.891654422589,-1078.891654422589,-1078.891654422589,-1078.891654422589,-1078.891654422589,-1078.891654422589,0.0,0.0,0.0,15318510.206941187
184,2020-07-24,15523830.243162299,15423060.338679573,15646191.73713213,15523830.243162299,15523830.243162299,10103.249373377432,10103.249373377432,10103.249373377432,10103.249373377432,10103.249373377432,10103.249373377432,0.0,0.0,0.0,15533933.492535677
185,2020-07-25,15728071.387728985,15637094.090163918,15843414.394417677,15728071.387728985,15728071.387728985,13670.214198330114,13670.214198330114,13670.214198330114,13670.214198330114,13670.214198330114,13670.214198330114,0.0,0.0,0.0,15741741.601927316
186,2020-07-26,15932312.532295674,15838948.445283208,16048081.731920188,15932312.532295674,15932312.532295674,7218.1443971744275,7218.1443971744275,7218.1443971744275,7218.1443971744275,7218.1443971744275,7218.1443971744275,0.0,0.0,0.0,15939530.676692849
187,2020-07-27,16136553.676862363,16031144.16157051,16243023.111942792,16136553.676862363,16136553.676862363,-2144.375426907267,-2144.375426907267,-2144.375426907267,-2144.375426907267,-2144.375426907267,-2144.375426907267,0.0,0.0,0.0,16134409.301435456
188,2020-07-28,16340794.821429051,16216593.703062689,16427977.594727153,16340794.821429051,16340794.821429051,-16782.130443968625,-16782.130443968625,-16782.130443968625,-16782.130443968625,-16782.130443968625,-16782.130443968625,0.0,0.0,0.0,16324012.690985084
189,2020-07-29,16545035.965995738,16428195.187844627,16643496.932761535,16543276.656793756,16545563.234042158,-10986.210443607863,-10986.210443607863,-10986.210443607863,-10986.210443607863,-10986.210443607863,-10986.210443607863,0.0,0.0,0.0,16534049.75555213
190,2020-07-30,16749277.110562434,16639840.1558995,16845964.024463695,16742817.440245355,16753205.014151927,-1078.8916544219765,-1078.8916544219765,-1078.8916544219765,-1078.8916544219765,-1078.8916544219765,-1078.8916544219765,0.0,0.0,0.0,16748198.218908012
191,2020-07-31,16953518.25512912,16853667.482177306,17071397.52079735,16941089.347274575,16963314.905645687,10103.24937339262,10103.24937339262,10103.24937339262,10103.24937339262,10103.24937339262,10103.24937339262,0.0,0.0,0.0,16963621.504502513
192,2020-08-01,17157759.39969581,17060814.811799742,17276172.888895772,17137360.930422,17174714.79379069,13670.214198332713,13670.214198332713,13670.214198332713,13670.214198332713,13670.214198332713,13670.214198332713,0.0,0.0,0.0,17171429.613894142
193,2020-08-02,17362000.54426249,17258884.873832487,17482453.144687355,17330468.799067434,17389071.477530174,7218.144397211333,7218.144397211333,7218.144397211333,7218.144397211333,7218.144397211333,7218.144397211333,0.0,0.0,0.0,17369218.6886597
194,2020-08-03,17566241.68882918,17446222.671587467,17685591.20537722,17525399.327043016,17602273.55400058,-2144.375426921027,-2144.375426921027,-2144.375426921027,-2144.375426921027,-2144.375426921027,-2144.375426921027,0.0,0.0,0.0,17564097.313402258
195,2020-08-04,17770482.83339587,17631873.759075884,17875521.600207362,17719060.892795343,17816545.612630364,-16782.130443972197,-16782.130443972197,-16782.130443972197,-16782.130443972197,-16782.130443972197,-16782.130443972197,0.0,0.0,0.0,17753700.702951897
196,2020-08-05,17974723.977962565,17834555.62544911,18092577.555064816,17915352.32154192,18033231.897727534,-10986.210443595226,-10986.210443595226,-10986.210443595226,-10986.210443595226,-10986.210443595226,-10986.210443595226,0.0,0.0,0.0,17963737.76751897
197,2020-08-06,18178965.122529253,18045702.12065097,18311543.588515993,18106908.127880648,18249724.834192954,-1078.891654409867,-1078.891654409867,-1078.891654409867,-1078.891654409867,-1078.891654409867,-1078.891654409867,0.0,0.0,0.0,18177886.230874844
198,2020-08-07,18383206.26709594,18243413.786576018,18532040.007497266,18295059.222209565,18467566.49993374,10103.249373381039,10103.249373381039,10103.249373381039,10103.249373381039,10103.249373381039,10103.249373381039,0.0,0.0,0.0,18393309.51646932
199,2020-08-08,18587447.411662627,18447643.652929645,18738698.77919671,18487482.948103406,18690296.071672518,13670.214198335312,13670.214198335312,13670.214198335312,13670.214198335312,13670.214198335312,13670.214198335312,0.0,0.0,0.0,18601117.625860963
200,2020-08-09,18791688.556229316,18625300.35837678,18953391.573029317,18680747.83331323,18907524.014609817,7218.144397193266,7218.144397193266,7218.144397193266,7218.144397193266,7218.144397193266,7218.144397193266,0.0,0.0,0.0,18798906.700626507
201,2020-08-10,18995929.70079601,18822594.09310978,19160018.08643723,18863274.065745614,19129360.163066447,-2144.375426934787,-2144.375426934787,-2144.375426934787,-2144.375426934787,-2144.375426934787,-2144.375426934787,0.0,0.0,0.0,18993785.32536908
202,2020-08-11,19200170.8453627,19002953.893084325,19359383.73346239,19046497.122306265,19350609.64564457,-16782.130443977494,-16782.130443977494,-16782.130443977494,-16782.130443977494,-16782.130443977494,-16782.130443977494,0.0,0.0,0.0,19183388.71491872
203,2020-08-12,19404411.98992938,19183236.06677111,19586658.807429366,19230916.448758226,19573976.65468741,-10986.210443589931,-10986.210443589931,-10986.210443589931,-10986.210443589931,-10986.210443589931,-10986.210443589931,0.0,0.0,0.0,19393425.779485792
204,2020-08-13,19608653.13449607,19386857.621177644,19821884.419296123,19415637.626456894,19791665.268833604,-1078.8916544615324,-1078.8916544615324,-1078.8916544615324,-1078.8916544615324,-1078.8916544615324,-1078.8916544615324,0.0,0.0,0.0,19607574.24284161
205,2020-08-14,19812894.27906276,19586699.003776,20042568.06714293,19600149.31020204,20010622.6390155,10103.249373369506,10103.249373369506,10103.249373369506,10103.249373369506,10103.249373369506,10103.249373369506,0.0,0.0,0.0,19822997.528436128
206,2020-08-15,20017135.423629444,19785647.722765423,20277022.660421807,19787885.991411302,20237003.7964013,13670.214198337913,13670.214198337913,13670.214198337913,13670.214198337913,13670.214198337913,13670.214198337913,0.0,0.0,0.0,20030805.637827784
207,2020-08-16,20221376.56819614,19967542.52864783,20484882.14385543,19978789.43483418,20461017.214305602,7218.144397193903,7218.144397193903,7218.144397193903,7218.144397193903,7218.144397193903,7218.144397193903,0.0,0.0,0.0,20228594.712593336
208,2020-08-17,20425617.71276283,20142884.01697066,20699954.98916236,20171708.20423529,20688467.496564645,-2144.375426944311,-2144.375426944311,-2144.375426944311,-2144.375426944311,-2144.375426944311,-2144.375426944311,0.0,0.0,0.0,20423473.337335885
209,2020-08-18,20629858.857329518,20310517.580821395,20919308.11694415,20355968.96687485,20912527.81389691,-16782.130443959224,-16782.130443959224,-16782.130443959224,-16782.130443959224,-16782.130443959224,-16782.130443959224,0.0,0.0,0.0,20613076.726885557
210,2020-08-19,20834100.001896206,20514951.01876092,21143549.871735506,20545360.390930124,21140971.275194403,-10986.210443584632,-10986.210443584632,-10986.210443584632,-10986.210443584632,-10986.210443584632,-10986.210443584632,0.0,0.0,0.0,20823113.79145262
211,2020-08-20,21038341.146462895,20712375.177329082,21373233.658739794,20726493.79004108,21358803.34239342,-1078.8916544379263,-1078.8916544379263,-1078.8916544379263,-1078.8916544379263,-1078.8916544379263,-1078.8916544379263,0.0,0.0,0.0,21037262.254808456
212,2020-08-21,21242582.29102959,20890599.6162343,21619505.935821682,20911321.783527873,21586872.677835457,10103.249373357932,10103.249373357932,10103.249373357932,10103.249373357932,10103.249373357932,10103.249373357932,0.0,0.0,0.0,21252685.54040295
213,2020-08-22,21446823.435596272,21095807.743931618,21843191.646174192,21092864.43442762,21820855.195667233,13670.214198327893,13670.214198327893,13670.214198327893,13670.214198327893,13670.214198327893,13670.214198327893,0.0,0.0,0.0,21460493.6497946
214,2020-08-23,21651064.580162957,21261089.557127565,22079679.04560823,21278650.95956971,22044020.310430408,7218.1443971851895,7218.1443971851895,7218.1443971851895,7218.1443971851895,7218.1443971851895,7218.1443971851895,0.0,0.0,0.0,21658282.72456014
215,2020-08-24,21855305.724729646,21445873.125517245,22285483.437670086,21461569.53680774,22273201.480069067,-2144.37542690031,-2144.37542690031,-2144.37542690031,-2144.37542690031,-2144.37542690031,-2144.37542690031,0.0,0.0,0.0,21853161.349302746
216,2020-08-25,22059546.869296335,21606100.030822046,22497756.15028015,21641460.420410052,22495546.782990955,-16782.130443964517,-16782.130443964517,-16782.130443964517,-16782.130443964517,-16782.130443964517,-16782.130443964517,0.0,0.0,0.0,22042764.73885237
217,2020-08-26,22263788.013863023,21784654.292062107,22723461.450957973,21827673.75825203,22725487.62180027,-10986.210443579334,-10986.210443579334,-10986.210443579334,-10986.210443579334,-10986.210443579334,-10986.210443579334,0.0,0.0,0.0,22252801.803419445
218,2020-08-27,22468029.15842972,21979983.1341557,22972990.688195318,22010686.89038684,22958556.923680104,-1078.8916544373137,-1078.8916544373137,-1078.8916544373137,-1078.8916544373137,-1078.8916544373137,-1078.8916544373137,0.0,0.0,0.0,22466950.266775284
219,2020-08-28,22672270.30299641,22155364.138462733,23185887.31894206,22183023.5993851,23196314.590245783,10103.249373373119,10103.249373373119,10103.249373373119,10103.249373373119,10103.249373373119,10103.249373373119,0.0,0.0,0.0,22682373.55236978
220,2020-08-29,22876511.447563097,22344728.244765203,23435834.54947439,22356418.860534884,23423380.38315395,13670.214198331996,13670.214198331996,13670.214198331996,13670.214198331996,13670.214198331996,13670.214198331996,0.0,0.0,0.0,22890181.66176143
221,2020-08-30,23080752.592129786,22509722.26357758,23660654.599127367,22529747.050873373,23654282.16028882,7218.144397176479,7218.144397176479,7218.144397176479,7218.144397176479,7218.144397176479,7218.144397176479,0.0,0.0,0.0,23087970.736526962
222,2020-08-31,23284993.73669647,22690140.498868592,23843843.74909481,22697791.889241014,23878185.94496399,-2144.3754269013593,-2144.3754269013593,-2144.3754269013593,-2144.3754269013593,-2144.3754269013593,-2144.3754269013593,0.0,0.0,0.0,23282849.36126957
223,2020-09-01,23489234.881263167,22860419.837238666,24095470.70335314,22878083.36356936,24108732.01406625,-16782.130443966373,-16782.130443966373,-16782.130443966373,-16782.130443966373,-16782.130443966373,-16782.130443966373,0.0,0.0,0.0,23472452.7508192
224,2020-09-02,23693476.025829848,23048775.618921347,24351643.789336532,23055249.793169092,24331764.122226156,-10986.2104435667,-10986.2104435667,-10986.2104435667,-10986.2104435667,-10986.2104435667,-10986.2104435667,0.0,0.0,0.0,23682489.81538628
225,2020-09-03,23897717.170396537,23216570.433035817,24552499.537699837,23229569.695908938,24561944.73114604,-1078.891654425204,-1078.891654425204,-1078.891654425204,-1078.891654425204,-1078.891654425204,-1078.891654425204,0.0,0.0,0.0,23896638.278742112
226,2020-09-04,24101958.314963225,23421505.464287862,24827150.242759187,23404132.870411675,24794125.776760727,10103.249373388306,10103.249373388306,10103.249373388306,10103.249373388306,10103.249373388306,10103.249373388306,0.0,0.0,0.0,24112061.564336613
227,2020-09-05,24306199.459529914,23602925.334758855,25077291.24491899,23581332.595947832,25032949.672834024,13670.214198321979,13670.214198321979,13670.214198321979,13670.214198321979,13670.214198321979,13670.214198321979,0.0,0.0,0.0,24319869.673728235
228,2020-09-06,24510440.604096603,23749143.137373477,25296297.014399856,23759923.172481753,25260081.4663902,7218.144397167763,7218.144397167763,7218.144397167763,7218.144397167763,7218.144397167763,7218.144397167763,0.0,0.0,0.0,24517658.748493772
229,2020-09-07,24714681.748663295,23941969.613176946,25497470.254081566,23947162.85443531,25488995.989205483,-2144.3754269151195,-2144.3754269151195,-2144.3754269151195,-2144.3754269151195,-2144.3754269151195,-2144.3754269151195,0.0,0.0,0.0,24712537.37323638
230,2020-09-08,24918922.893229984,24104977.83908966,25705037.826202027,24128964.475561257,25728552.52248864,-16782.130443971666,-16782.130443971666,-16782.130443971666,-16782.130443971666,-16782.130443971666,-16782.130443971666,0.0,0.0,0.0,24902140.762786012
231,2020-09-09,25123164.037796672,24262538.391865525,25942937.43116995,24309849.486717176,25971037.92185792,-10986.210443599779,-10986.210443599779,-10986.210443599779,-10986.210443599779,-10986.210443599779,-10986.210443599779,0.0,0.0,0.0,25112177.82735307
232,2020-09-10,25327405.18236336,24476274.121748142,26182156.68406814,24482850.380554497,26204924.053117886,-1078.891654465373,-1078.891654465373,-1078.891654465373,-1078.891654465373,-1078.891654465373,-1078.891654465373,0.0,0.0,0.0,25326326.290708896
233,2020-09-11,25531646.32693005,24642981.200840686,26453526.57099237,24651687.784210168,26441689.630448934,10103.24937337673,10103.24937337673,10103.24937337673,10103.24937337673,10103.24937337673,10103.24937337673,0.0,0.0,0.0,25541749.576303426
234,2020-09-12,25735887.47149673,24809917.3987516,26699340.520823386,24827553.372494843,26673416.85941812,13670.214198337193,13670.214198337193,13670.214198337193,13670.214198337193,13670.214198337193,13670.214198337193,0.0,0.0,0.0,25749557.685695067
235,2020-09-13,25940128.616063427,25003671.2653022,26905393.50293934,24994803.88194394,26915149.513369005,7218.144397168402,7218.144397168402,7218.144397168402,7218.144397168402,7218.144397168402,7218.144397168402,0.0,0.0,0.0,25947346.760460597
236,2020-09-14,26144369.760630116,25142251.54927399,27141394.31367482,25169353.48636728,27150178.914364256,-2144.3754268668818,-2144.3754268668818,-2144.3754268668818,-2144.3754268668818,-2144.3754268668818,-2144.3754268668818,0.0,0.0,0.0,26142225.38520325
237,2020-09-15,26348610.9051968,25336902.457707204,27353752.849148862,25366341.81882054,27368415.600562047,-16782.130443976956,-16782.130443976956,-16782.130443976956,-16782.130443976956,-16782.130443976956,-16782.130443976956,0.0,0.0,0.0,26331828.774752825
238,2020-09-16,26552852.04976349,25497876.058383696,27583180.94788862,25534756.418247435,27598496.702210754,-10986.210443587144,-10986.210443587144,-10986.210443587144,-10986.210443587144,-10986.210443587144,-10986.210443587144,0.0,0.0,0.0,26541865.839319903
239,2020-09-17,26757093.19433018,25682567.235789888,27808092.87721125,25702042.892982785,27829223.282759607,-1078.8916544532633,-1078.8916544532633,-1078.8916544532633,-1078.8916544532633,-1078.8916544532633,-1078.8916544532633,0.0,0.0,0.0,26756014.302675724
240,2020-09-18,26961334.338896874,25870571.524051324,28060902.85080943,25893005.197493862,28061947.30755588,10103.249373391915,10103.249373391915,10103.249373391915,10103.249373391915,10103.249373391915,10103.249373391915,0.0,0.0,0.0,26971437.588270266
241,2020-09-19,27165575.483463563,26079381.354731016,28318769.388860904,26065337.538101174,28307440.651814938,13670.214198327174,13670.214198327174,13670.214198327174,13670.214198327174,13670.214198327174,13670.214198327174,0.0,0.0,0.0,27179245.69766189
242,2020-09-20,27369816.62803025,26212428.298443157,28560461.261520695,26233968.95131007,28550223.884518318,7218.1443971959525,7218.1443971959525,7218.1443971959525,7218.1443971959525,7218.1443971959525,7218.1443971959525,0.0,0.0,0.0,27377034.772427447
243,2020-09-21,27574057.77259694,26343810.531379577,28769680.416639578,26404667.284869093,28784386.410024833,-2144.3754268806424,-2144.3754268806424,-2144.3754268806424,-2144.3754268806424,-2144.3754268806424,-2144.3754268806424,0.0,0.0,0.0,27571913.39717006
244,2020-09-22,27778298.91716363,26550936.653017342,28999078.31695474,26562709.78582484,29028217.308396902,-16782.130443978815,-16782.130443978815,-16782.130443978815,-16782.130443978815,-16782.130443978815,-16782.130443978815,0.0,0.0,0.0,27761516.78671965
245,2020-09-23,27982540.061730307,26695954.411107283,29263184.998004325,26723138.07810937,29268940.642580453,-10986.21044358918,-10986.21044358918,-10986.21044358918,-10986.21044358918,-10986.21044358918,-10986.21044358918,0.0,0.0,0.0,27971553.851286717
246,2020-09-24,28186781.206297003,26891960.153283868,29499908.259941414,26888681.510167122,29504355.658477314,-1078.8916544411538,-1078.8916544411538,-1078.8916544411538,-1078.8916544411538,-1078.8916544411538,-1078.8916544411538,0.0,0.0,0.0,28185702.31464256
247,2020-09-25,28391022.35086369,27064567.97787306,29748893.543538712,27055050.168237384,29730063.38927097,10103.249373367005,10103.249373367005,10103.249373367005,10103.249373367005,10103.249373367005,10103.249373367005,0.0,0.0,0.0,28401125.600237057
248,2020-09-26,28595263.49543038,27248518.53448394,29983507.170605112,27217787.065836754,29966654.239291847,13670.214198317159,13670.214198317159,13670.214198317159,13670.214198317159,13670.214198317159,13670.214198317159,0.0,0.0,0.0,28608933.709628697
249,2020-09-27,28799504.63999707,27365845.784002952,30162508.721275132,27394713.25611563,30216119.330871657,7218.1443971872395,7218.1443971872395,7218.1443971872395,7218.1443971872395,7218.1443971872395,7218.1443971872395,0.0,0.0,0.0,28806722.784394257
250,2020-09-28,29003745.784563757,27557522.10097683,30437479.41895999,27544362.27253489,30434698.735840175,-2144.3754268901657,-2144.3754268901657,-2144.3754268901657,-2144.3754268901657,-2144.3754268901657,-2144.3754268901657,0.0,0.0,0.0,29001601.40913687
251,2020-09-29,29207986.929130454,27704075.494252566,30670805.41619033,27713648.997480966,30675609.04906669,-16782.130443984108,-16782.130443984108,-16782.130443984108,-16782.130443984108,-16782.130443984108,-16782.130443984108,0.0,0.0,0.0,29191204.79868647
252,2020-09-30,29412228.07369714,27854142.26285844,30899390.89838201,27876983.71579487,30923048.18653107,-10986.210443576547,-10986.210443576547,-10986.210443576547,-10986.210443576547,-10986.210443576547,-10986.210443576547,0.0,0.0,0.0,29401241.863253564
253,2020-10-01,29616469.218263827,28045621.49023471,31129104.69699402,28038780.562801663,31158432.4342231,-1078.8916544290446,-1078.8916544290446,-1078.8916544290446,-1078.8916544290446,-1078.8916544290446,-1078.8916544290446,0.0,0.0,0.0,29615390.3266094
254,2020-10-02,29820710.362830516,28209333.00189958,31391859.878724992,28200793.441749435,31391283.747280646,10103.249373382188,10103.249373382188,10103.249373382188,10103.249373382188,10103.249373382188,10103.249373382188,0.0,0.0,0.0,29830813.6122039
255,2020-10-03,30024951.507397197,28371760.60902757,31643766.477015793,28362803.54334767,31619622.17868802,13670.214198332376,13670.214198332376,13670.214198332376,13670.214198332376,13670.214198332376,13670.214198332376,0.0,0.0,0.0,30038621.72159553
256,2020-10-04,30229192.651963886,28524451.85726549,31856863.60564604,28525489.43753995,31843632.364726357,7218.1443971691715,7218.1443971691715,7218.1443971691715,7218.1443971691715,7218.1443971691715,7218.1443971691715,0.0,0.0,0.0,30236410.796361055
257,2020-10-05,30433433.796530582,28683247.56433646,32062654.851019874,28683294.244492657,32053722.639766384,-2144.375426899688,-2144.375426899688,-2144.375426899688,-2144.375426899688,-2144.375426899688,-2144.375426899688,0.0,0.0,0.0,30431289.421103682
258,2020-10-06,30637674.94109727,28804320.20815315,32331099.06236315,28855939.511501998,32287029.794520568,-16782.13044396584,-16782.13044396584,-16782.13044396584,-16782.13044396584,-16782.13044396584,-16782.13044396584,0.0,0.0,0.0,30620892.810653307
259,2020-10-07,30841916.08566396,29011720.302820966,32532474.446170155,29031444.49611894,32527522.354861025,-10986.210443563918,-10986.210443563918,-10986.210443563918,-10986.210443563918,-10986.210443563918,-10986.210443563918,0.0,0.0,0.0,30830929.875220396
260,2020-10-08,31046157.230230644,29206284.000730444,32758475.630306352,29196888.48500515,32770239.602502625,-1078.8916544284318,-1078.8916544284318,-1078.8916544284318,-1078.8916544284318,-1078.8916544284318,-1078.8916544284318,0.0,0.0,0.0,31045078.338576216
261,2020-10-09,31250398.374797333,29352946.166398898,33058165.192664344,29351733.12460557,33005818.305133272,10103.249373383995,10103.249373383995,10103.249373383995,10103.249373383995,10103.249373383995,10103.249373383995,0.0,0.0,0.0,31260501.624170717
262,2020-10-10,31454639.51936403,29541021.939944275,33251564.960647754,29507690.24353935,33250484.613505185,13670.214198322356,13670.214198322356,13670.214198322356,13670.214198322356,13670.214198322356,13670.214198322356,0.0,0.0,0.0,31468309.73356235
263,2020-10-11,31658880.663930718,29657988.37113222,33518078.456654128,29666848.427183963,33495206.20010714,7218.144397206077,7218.144397206077,7218.144397206077,7218.144397206077,7218.144397206077,7218.144397206077,0.0,0.0,0.0,31666098.808327924
264,2020-10-12,31863121.808497407,29820683.897422165,33752767.3231073,29810602.164591298,33738833.46023564,-2144.375426909212,-2144.375426909212,-2144.375426909212,-2144.375426909212,-2144.375426909212,-2144.375426909212,0.0,0.0,0.0,31860977.433070496
265,2020-10-13,32067362.953064088,29979191.278537575,33928414.83660106,29975467.730664313,33965517.835806996,-16782.13044397114,-16782.13044397114,-16782.13044397114,-16782.13044397114,-16782.13044397114,-16782.13044397114,0.0,0.0,0.0,32050580.822620116
266,2020-10-14,32271604.097630776,30165897.68979446,34201210.2469223,30138585.407582782,34216234.63509945,-10986.210443604326,-10986.210443604326,-10986.210443604326,-10986.210443604326,-10986.210443604326,-10986.210443604326,0.0,0.0,0.0,32260617.88718717
267,2020-10-15,32475845.242197465,30316932.549903728,34453639.05230961,30284540.395480286,34454986.43538274,-1078.8916544048254,-1078.8916544048254,-1078.8916544048254,-1078.8916544048254,-1078.8916544048254,-1078.8916544048254,0.0,0.0,0.0,32474766.35054306
268,2020-10-16,32680086.386764158,30481018.45866244,34693955.98589976,30456943.37919258,34695577.660121076,10103.249373385803,10103.249373385803,10103.249373385803,10103.249373385803,10103.249373385803,10103.249373385803,0.0,0.0,0.0,32690189.636137545
269,2020-10-17,32884327.531330846,30626019.173603315,34912872.36042181,30633393.946961984,34933930.36177392,13670.214198326461,13670.214198326461,13670.214198326461,13670.214198326461,13670.214198326461,13670.214198326461,0.0,0.0,0.0,32897997.74552917
270,2020-10-18,33088568.67589754,30809530.59765221,35200125.14116593,30804285.13274671,35185134.84063003,7218.144397197361,7218.144397197361,7218.144397197361,7218.144397197361,7218.144397197361,7218.144397197361,0.0,0.0,0.0,33095786.820294738
271,2020-10-19,33292809.82046422,30942774.95719423,35397545.492954865,30965539.853023402,35432299.74728453,-2144.3754269229717,-2144.3754269229717,-2144.3754269229717,-2144.3754269229717,-2144.3754269229717,-2144.3754269229717,0.0,0.0,0.0,33290665.445037298
272,2020-10-20,33497050.965030916,31140192.74028859,35637303.16440894,31125750.16291066,35687385.413571574,-16782.13044397471,-16782.13044397471,-16782.13044397471,-16782.13044397471,-16782.13044397471,-16782.13044397471,0.0,0.0,0.0,33480268.83458694
273,2020-10-21,33701292.10959761,31284166.3841874,35917623.92967917,31290173.29353882,35934744.18039092,-10986.210443591694,-10986.210443591694,-10986.210443591694,-10986.210443591694,-10986.210443591694,-10986.210443591694,0.0,0.0,0.0,33690305.899154015
274,2020-10-22,33905533.25416429,31416683.12794187,36116383.63922082,31446337.831794523,36175796.993522696,-1078.891654456491,-1078.891654456491,-1078.891654456491,-1078.891654456491,-1078.891654456491,-1078.891654456491,0.0,0.0,0.0,33904454.36250984
275,2020-10-23,34109774.398730986,31675385.518209603,36418124.17467547,31622459.429845493,36400451.67142219,10103.249373387604,10103.249373387604,10103.249373387604,10103.249373387604,10103.249373387604,10103.249373387604,0.0,0.0,0.0,34119877.64810438
276,2020-10-24,34314015.54329767,31809093.918224208,36652823.59434678,31823361.31896861,36633354.76133455,13670.214198329058,13670.214198329058,13670.214198329058,13670.214198329058,13670.214198329058,13670.214198329058,0.0,0.0,0.0,34327685.757496
277,2020-10-25,34518256.68786435,31959134.356373996,36881828.403335705,31996735.919662174,36865872.89232789,7218.144397198002,7218.144397198002,7218.144397198002,7218.144397198002,7218.144397198002,7218.144397198002,0.0,0.0,0.0,34525474.83226155
278,2020-10-26,34722497.83243105,32142263.260818694,37132890.61263483,32164680.711224686,37115887.43002835,-2144.3754269282585,-2144.3754269282585,-2144.3754269282585,-2144.3754269282585,-2144.3754269282585,-2144.3754269282585,0.0,0.0,0.0,34720353.45700412
279,2020-10-27,34926738.97699774,32295729.936800066,37342094.40954988,32320072.381849322,37368200.072889365,-16782.130443978287,-16782.130443978287,-16782.130443978287,-16782.130443978287,-16782.130443978287,-16782.130443978287,0.0,0.0,0.0,34909956.846553765
280,2020-10-28,35130980.12156442,32485023.252254516,37584673.70297715,32483293.19835134,37619176.48494486,-10986.210443593733,-10986.210443593733,-10986.210443593733,-10986.210443593733,-10986.210443593733,-10986.210443593733,0.0,0.0,0.0,35119993.911120825
281,2020-10-29,35335221.26613112,32672317.64204469,37880381.46443548,32646240.88451708,37854373.8757225,-1078.8916544443814,-1078.8916544443814,-1078.8916544443814,-1078.8916544443814,-1078.8916544443814,-1078.8916544443814,0.0,0.0,0.0,35334142.37447667
282,2020-10-30,35539462.410697795,32786002.067500435,38172689.273382075,32813067.26889758,38100245.49303306,10103.249373402794,10103.249373402794,10103.249373402794,10103.249373402794,10103.249373402794,10103.249373402794,0.0,0.0,0.0,35549565.6600712
283,2020-10-31,35743703.555264495,32996554.82004687,38373645.90837961,32971000.058898654,38354567.577325776,13670.214198331656,13670.214198331656,13670.214198331656,13670.214198331656,13670.214198331656,13670.214198331656,0.0,0.0,0.0,35757373.769462824
284,2020-11-01,35947944.69983119,33146647.47363411,38567866.325305305,33145105.13695547,38607361.6025782,7218.144397198641,7218.144397198641,7218.144397198641,7218.144397198641,7218.144397198641,7218.144397198641,0.0,0.0,0.0,35955162.84422839
285,2020-11-02,36152185.84439787,33294573.172776226,38847268.44682741,33301927.96574592,38861247.468400046,-2144.375426884258,-2144.375426884258,-2144.375426884258,-2144.375426884258,-2144.375426884258,-2144.375426884258,0.0,0.0,0.0,36150041.46897099
286,2020-11-03,36356426.98896455,33459481.12069902,39082065.40268446,33457299.16942885,39114710.44992576,-16782.13044398186,-16782.13044398186,-16782.13044398186,-16782.13044398186,-16782.13044398186,-16782.13044398186,0.0,0.0,0.0,36339644.85852057
287,2020-11-04,36560668.13353124,33634872.25059778,39343253.51992086,33634376.60641994,39368272.05782982,-10986.210443581096,-10986.210443581096,-10986.210443581096,-10986.210443581096,-10986.210443581096,-10986.210443581096,0.0,0.0,0.0,36549681.923087664
